"task","prompt","intent","cloud_provider","region","output"
"terraform","Create an S3 bucket with versioning and server-side encryption.","iac_terraform","aws","us-east-1","resource ""aws_s3_bucket"" ""data"" { bucket = ""prodx-data"" }
resource ""aws_s3_bucket_versioning"" ""v"" {
  bucket = aws_s3_bucket.data.id
  versioning_configuration { status = ""Enabled"" }
}
resource ""aws_s3_bucket_server_side_encryption_configuration"" ""sse"" {
  bucket = aws_s3_bucket.data.id
  rule { apply_server_side_encryption_by_default { sse_algorithm = ""AES256"" } }
}
# SECURITY: block all public access
resource ""aws_s3_bucket_public_access_block"" ""pab"" {
  bucket = aws_s3_bucket.data.id
  block_public_acls = true
  block_public_policy = true
  ignore_public_acls = true
  restrict_public_buckets = true
}"
"kubernetes","Create a HorizontalPodAutoscaler that scales orders-api between 3 and 20 replicas at 70% CPU.","k8s_manifest","any","","apiVersion: autoscaling/v2
kind: HorizontalPodAutoscaler
metadata:
  name: orders-api
  namespace: prod
spec:
  scaleTargetRef:
    apiVersion: apps/v1
    kind: Deployment
    name: orders-api
  minReplicas: 3
  maxReplicas: 20
  metrics:
    - type: Resource
      resource:
        name: cpu
        target:
          type: Utilization
          averageUtilization: 70"
"helm","Render the ingress-nginx Helm chart with NLB service type and cert-manager annotations.","iac_terraform","any","","helm upgrade --install ingress-nginx ingress-nginx/ingress-nginx \
  --namespace ingress-nginx --create-namespace \
  --set controller.service.annotations.""service\.beta\.kubernetes\.io/aws-load-balancer-type""=nlb \
  --set-string controller.podAnnotations.""cert-manager\.io/cluster-issuer""=letsencrypt-prod"
"runbook","Pods are stuck in ImagePullBackOff.","incident_response","any","","Diagnosis: kubelet cannot fetch the image (private registry auth, wrong tag, or network).
Steps:
  1. kubectl describe pod <p> | grep -A3 Events
  2. Check imagePullSecrets in the namespace
  3. docker pull <image> from a node to verify registry reach
  4. Correct tag or recreate the pull secret
Verify: kubectl get pod -w
Escalate: if the registry is internal, page #platform-registry."
