"task","prompt","language","framework","output"
"generate","Write a Python function that flattens a nested dict using dot-notation keys.","python","","def flatten(d, parent='', sep='.'):
    out = {}
    for k, v in d.items():
        nk = f'{parent}{sep}{k}' if parent else k
        if isinstance(v, dict):
            out.update(flatten(v, nk, sep))
        else:
            out[nk] = v
    return out"
"generate","Write a Go HTTP handler that returns JSON {""ok"": true}.","go","","package main

import (
  ""encoding/json""
  ""net/http""
)

func ok(w http.ResponseWriter, _ *http.Request) {
  w.Header().Set(""Content-Type"", ""application/json"")
  json.NewEncoder(w).Encode(map[string]bool{""ok"": true})
}

func main() {
  http.HandleFunc(""/ok"", ok)
  http.ListenAndServe("":8080"", nil)
}"
"test","Write a vitest test for a sum(a,b) function.","typescript","","import { describe, it, expect } from 'vitest';
import { sum } from './sum';

describe('sum', () => {
  it('adds two numbers', () => { expect(sum(2, 3)).toBe(5); });
  it('handles negatives', () => { expect(sum(-1, 1)).toBe(0); });
});"
